{
    "accuracy": 0.8659259259259259,
    "precision": 0.8764551257979722,
    "recall": 0.8552583363869549,
    "auc": 0.9347646278535013
}